Mes,TASA_ADQUISICION_NOVIS_PESOS,MONTO_ADQUISICION_NOVIS_PESOS,TASA_ADQUISICION_NOVIS_UVR,MONTO_ADQUISICION_NOVIS_UVR,TASA_ADQUISICION_VIS_PESOS,MONTO_ADQUISICION_VIS_PESOS,TASA_ADQUISICION_VIS_UVR,MONTO_ADQUISICION_VIS_UVR,TASA_PONDERADA_ADQUISICION_PESOS,TASA_PONDERADA_ADQUISICION_UVR,MONTO_ADQUISICION_PESOS,MONTO_ADQUISICION_UVR,MONTO_ADQUISICION_NOVIS,MONTO_ADQUISICION_VIS,MONTO_ADQUISICION_TOTAL,TASA_CONSTRUCCION_NOVIS_PESOS,MONTO_CONSTRUCCION_NOVIS_PESOS,TASA_CONSTRUCCION_NOVIS_UVR,MONTO_CONSTRUCCION_NOVIS_UVR,TASA_CONSTRUCCION_VIS_PESOS,MONTO_CONSTRUCCION_VIS_PESOS,TASA_CONSTRUCCION_VIS_UVR,MONTO_CONSTRUCCION_VIS_UVR,TASA_PONDERADA_CONSTRUCCION_PESOS,TASA_PONDERADA_CONSTRUCCION_UVR,MONTO_CONSTRUCCION_PESOS,MONTO_CONSTRUCCION_UVR,MONTO_CONSTRUCCION_NOVIS,MONTO_CONSTRUCCION_VIS,MONTO_CONSTRUCCION_TOTAL
05/01/2002 12:00:00 AM,0.1586,2.53,0.1354,45.35,0.1277,0.06,0.1099,23.84,0.1578,0.1266,3,69,48,24,72,,,0.139,7.7,0.1025,0.4,0.1099,19.4,0.1025,0.1181,0,27,8,20,27
06/01/2002 12:00:00 AM,0.162,1.38,0.1357,34.2,0.1676,0.01,0.1099,19.78,0.1621,0.1262,1,54,36,20,55,,,0.1318,5.6,0.1,0.1,0.11,12.5,0.1,0.1168,0,18,6,13,18
07/01/2002 12:00:00 AM,0.1619,1.71,0.1354,42.03,0.168,0.03,0.1097,26.49,0.162,0.1255,2,69,44,27,70,0.1979,0.1,0.1362,5.2,0.171,0.1,0.11,20,0.1855,0.1154,0,25,5,20,25
08/01/2002 12:00:00 AM,0.1616,0.96,0.1347,31.84,0.1621,0.07,0.11,20.05,0.1616,0.1252,1,52,33,20,53,0.1593,0,0.1362,7,0.1728,0.1,0.11,17.9,0.1724,0.1174,0,25,7,18,25
09/01/2002 12:00:00 AM,0.1608,0.6,0.1357,29.33,0.1608,0.16,0.11,27.45,0.1608,0.1233,1,57,30,28,58,0.1578,0,0.1349,7.2,0.17,0,0.11,18.4,0.1686,0.117,0,26,7,18,26
10/01/2002 12:00:00 AM,0.1608,0.79,0.135,41.63,0.1608,0.03,0.11,32.8,0.1608,0.124,1,74,42,33,75,0.1796,0.1,0.1366,12.4,0.17,0.1,0.11,20.7,0.1746,0.12,0,33,13,21,33
11/01/2002 12:00:00 AM,0.1608,1.22,0.1359,30.08,0.1608,0.05,0.11,28.2,0.1608,0.1234,1,58,31,28,60,,,0.1357,10.4,,,0.11,18,,0.1194,0,28,10,18,28
12/01/2002 12:00:00 AM,0.1608,1.28,0.1361,36.83,0.1608,0.07,0.11,31.4,0.1608,0.1241,1,68,38,31,70,,,0.1358,12.6,,,0.11,17.1,,0.1209,0,30,13,17,30
01/01/2003 12:00:00 AM,0.1608,1.41,0.1354,37.15,0.1608,0.05,0.11,36.72,0.1608,0.1228,1,74,39,37,75,0.1567,0,0.1335,6.5,,,0.11,11.3,0.1567,0.1186,0,18,6,11,18
02/01/2003 12:00:00 AM,0.1608,1.27,0.136,30.2,0.1608,0.04,0.11,34.31,0.1608,0.1222,1,65,31,34,66,,,0.1345,10.3,,,0.11,20.4,,0.1183,0,31,10,20,31
03/01/2003 12:00:00 AM,0.1608,1.14,0.1355,27.86,0.1608,0.15,0.1097,31.51,0.1608,0.1218,1,59,29,32,61,0.1584,0,0.1375,14.8,,,0.11,14.8,0.1584,0.1238,0,30,15,15,30
04/01/2003 12:00:00 AM,0.1612,1.06,0.135,40.07,0.1608,0.06,0.11,34.79,0.1612,0.1234,1,75,41,35,76,,,0.1368,16.5,,,0.11,21,,0.1218,0,37,16,21,37
05/01/2003 12:00:00 AM,0.1608,1.43,0.1349,40.59,0.1608,0.05,0.11,35.19,0.1608,0.1233,1,76,42,35,77,,,0.1356,17.7,,,0.11,19.6,,0.1221,0,37,18,20,37
06/01/2003 12:00:00 AM,0.1608,1.41,0.1348,39.74,0.1608,0.05,0.1099,28.92,0.1608,0.1243,1,69,41,29,70,,,0.1336,13.4,,,0.1076,16.3,,0.1193,0,30,13,16,30
07/01/2003 12:00:00 AM,0.1797,2.8,0.1345,47.69,0.1608,0.1,0.11,38.71,0.1791,0.1235,3,86,50,39,89,0.1578,0,0.1323,18.4,,,0.1086,21.9,0.1578,0.1194,0,40,18,22,40
08/01/2003 12:00:00 AM,0.1905,3.07,0.1336,38.65,0.1608,0.04,0.1099,29.07,0.1902,0.1235,3,68,42,29,71,,,0.1323,22.6,,,0.1072,11.6,,0.1238,0,34,23,12,34
09/01/2003 12:00:00 AM,0.1991,5.61,0.1349,38.17,0.1608,0.19,0.11,31.17,0.1979,0.1237,6,69,44,31,75,,,0.1301,18.2,,,0.109,11.1,,0.1221,0,29,18,11,29
10/01/2003 12:00:00 AM,0.1989,9.01,0.1362,47.48,0.1608,0.06,0.1099,35.87,0.1986,0.1249,9,83,56,36,92,,,0.1331,32.8,,,0.1082,20.1,,0.1236,0,53,33,20,53
11/01/2003 12:00:00 AM,0.2019,6.58,0.1349,41.29,0.1608,0.33,0.1099,29.07,0.1999,0.1246,7,70,48,29,77,,,0.1283,18.3,,,0.1075,14,,0.1193,0,32,18,14,32
12/01/2003 12:00:00 AM,0.1951,8.01,0.134,52.44,0.1608,0.07,0.1096,31.47,0.1947,0.1249,8,84,60,32,92,,,0.1314,34.8,,,0.1079,17.2,,0.1236,0,52,35,17,52
01/01/2004 12:00:00 AM,0.1886,5.9,0.134,42.84,0.1608,0.17,0.1097,27.83,0.1878,0.1245,6,71,49,28,77,,,0.1307,16.3,,,0.1068,15.1,,0.1192,0,31,16,15,31
02/01/2004 12:00:00 AM,0.1992,7.27,0.1339,47.47,0.1608,0.06,0.1097,37.03,0.1989,0.1233,7,84,55,37,92,,,0.1315,27.2,,,0.1062,11.9,,0.1238,0,39,27,12,39
03/01/2004 12:00:00 AM,0.2014,9.85,0.1347,56.08,0.1608,1.3,0.1097,36.9,0.1967,0.1248,11,93,66,38,104,0.2016,0,0.1304,30.8,,,0.1071,14.2,0.2016,0.1231,0,45,31,14,45
04/01/2004 12:00:00 AM,0.2019,6.9,0.1329,45.52,0.1608,0.76,0.1096,25.72,0.1978,0.1245,8,71,52,26,79,,,0.1267,28.7,,,0.1064,12.7,,0.1205,0,41,29,13,41
05/01/2004 12:00:00 AM,0.1991,7.91,0.1326,42.99,0.1608,1.76,0.1099,26.23,0.1921,0.124,10,69,51,28,79,,,0.1179,27.8,,,0.1037,13.6,,0.1132,0,41,28,14,41
06/01/2004 12:00:00 AM,0.1937,13.25,0.1293,60.72,0.1608,2.57,0.1097,40.7,0.1884,0.1215,16,101,74,43,117,,,0.1124,39.5,,,0.1006,11.6,,0.1097,0,51,39,12,51
07/01/2004 12:00:00 AM,0.192,10.88,0.1284,48.34,0.1608,1.31,0.1097,25.17,0.1886,0.122,12,74,59,26,86,,,0.0987,28.7,,,0.0992,13.4,,0.0989,0,42,29,13,42
08/01/2004 12:00:00 AM,0.1899,8.92,0.1279,50.22,0.1608,0.53,0.1098,30.22,0.1882,0.1211,9,80,59,31,90,,,0.0967,29.2,,,0.0991,11.2,,0.0973,0,40,29,11,40
09/01/2004 12:00:00 AM,0.1905,22.02,0.127,71.97,0.1608,1.19,0.1097,47.1,0.1889,0.1201,23,119,94,48,142,,,0.1009,37.4,,,0.0975,17.3,,0.0998,0,55,37,17,55
10/01/2004 12:00:00 AM,0.1914,16.26,0.126,50.72,0.1608,0.66,0.1096,31.65,0.1902,0.1197,17,82,67,32,99,,,0.1003,31,,,0.0951,16.8,,0.0985,0,48,31,17,48
11/01/2004 12:00:00 AM,0.1907,15.81,0.127,43.52,0.1623,1.04,0.1098,28.62,0.1889,0.1202,17,72,59,30,89,0.1594,0,0.1018,28.4,,,0.0958,14,0.1594,0.0998,0,42,28,14,42
12/01/2004 12:00:00 AM,0.1903,27.31,0.1264,72.52,0.1608,1.28,0.1097,46.02,0.189,0.12,29,119,100,47,147,,,0.0977,41.4,,,0.096,23,,0.0971,0,64,41,23,64
01/01/2005 12:00:00 AM,0.1892,17.53,0.1273,50.79,0.1608,0.79,0.1098,30.19,0.1879,0.1208,18,81,68,31,99,,,0.0926,26.6,,,0.0975,11.5,,0.0941,0,38,27,11,38
02/01/2005 12:00:00 AM,0.1896,21.53,0.1261,51.02,0.1608,0.55,0.1098,35.04,0.1889,0.1195,22,86,73,36,108,,,0.1008,24,,,0.0965,16.7,,0.099,0,41,24,17,41
03/01/2005 12:00:00 AM,0.1872,31.41,0.1261,54.9,0.1608,0.88,0.1097,36.73,0.1865,0.1195,32,92,86,38,124,,,0.0957,32.9,,,0.0965,17.4,,0.096,0,50,33,17,50
04/01/2005 12:00:00 AM,0.1872,26.46,0.125,48.18,0.1608,0.88,0.1094,34.13,0.1863,0.1185,27,82,75,35,110,,,0.0945,25.4,,,0.0999,17.3,,0.0967,0,43,25,17,43
05/01/2005 12:00:00 AM,0.187,23.41,0.1227,39.23,0.1602,0.11,0.1094,32.44,0.1869,0.1167,24,72,63,33,95,,,0.1004,23,,,0.098,14.1,,0.0995,0,37,23,14,37
06/01/2005 12:00:00 AM,0.1865,37.39,0.12,57.29,0.1601,0.03,0.1092,45.26,0.1865,0.1152,37,103,95,45,140,,,0.097,40.2,,,0.0961,19.4,,0.0967,0,60,40,19,60
07/01/2005 12:00:00 AM,0.186,30.16,0.1211,47.78,0.1583,0.12,0.1093,30.1,0.1859,0.1166,30,78,78,30,108,,,0.0888,34.5,,,0.097,11.5,,0.0909,0,46,34,12,46
08/01/2005 12:00:00 AM,0.1843,43.98,0.1188,56.59,0.1584,0.1,0.1092,36.09,0.1842,0.1151,44,93,101,36,137,,,0.085,37.8,,,0.0953,14.5,,0.0879,0,52,38,14,52
09/01/2005 12:00:00 AM,0.1847,38.93,0.1181,31.69,0.1526,0.43,0.1092,24.93,0.1844,0.1142,39,57,71,25,96,,,0.0848,35.2,,,0.0924,13.6,,0.0869,0,49,35,14,49
10/01/2005 12:00:00 AM,0.1844,32.66,0.1163,30.09,0.1512,0.68,0.1084,19.29,0.1837,0.1132,33,49,63,20,83,0.0884,0,0.0791,27.8,,,0.0751,13.1,0.0884,0.0778,0,41,28,13,41
11/01/2005 12:00:00 AM,0.1842,57.04,0.1158,49.54,0.1493,0.87,0.108,32.43,0.1837,0.1127,58,82,107,33,140,0.1571,0.5,0.0743,56.3,0.1044,0.5,0.0729,15.4,0.13,0.074,1,72,57,16,73
12/01/2005 12:00:00 AM,0.1845,51.08,0.1216,59.67,0.1538,0.87,0.1086,36.6,0.184,0.1167,52,96,111,37,148,0.1622,0.8,0.0755,48,0.1033,1.4,0.0678,15.5,0.1248,0.0736,2,63,49,17,66
01/01/2006 12:00:00 AM,0.1815,32.13,0.1138,35.08,0.1441,0.42,0.1082,25.73,0.181,0.1115,33,61,67,26,93,0.1601,0.1,0.0776,23.9,0.102,0.2,0.0694,10.1,0.1243,0.0751,0,34,24,10,34
02/01/2006 12:00:00 AM,0.1784,45.16,0.1148,41.01,0.1516,0.89,0.108,36.32,0.1778,0.1116,46,77,86,37,123,0.1499,0.8,0.0799,35.9,0.1223,0.2,0.0714,12.4,0.1438,0.0778,1,48,37,13,49
03/01/2006 12:00:00 AM,0.1678,62.77,0.1076,45.81,0.1533,0.94,0.1051,42.57,0.1676,0.1064,64,88,109,44,152,0.1578,1.8,0.0754,56.4,0.1201,2.5,0.071,15.3,0.1357,0.0744,4,72,58,18,76
04/01/2006 12:00:00 AM,0.1539,54.01,0.0925,33.63,0.1444,1.57,0.0987,30.91,0.1536,0.0955,56,65,88,32,120,0.1535,0.3,0.0728,38.7,0.0953,1.6,0.0563,10.3,0.1032,0.0694,2,49,39,12,51
05/01/2006 12:00:00 AM,0.1548,109.9,0.0904,42.1,0.1418,6.57,0.0904,40.79,0.1541,0.0904,116,83,152,47,199,0.1005,1.8,0.0671,54.3,0.1051,1.6,0.0589,14.3,0.1027,0.0654,3,69,56,16,72
06/01/2006 12:00:00 AM,0.1496,132.32,0.0899,32.11,0.1337,17.93,0.0904,35.14,0.1477,0.0902,150,67,164,53,218,0.1302,2.1,0.0664,48.8,0.1198,1.3,0.0575,13.6,0.1262,0.0645,3,62,51,15,66
07/01/2006 12:00:00 AM,0.145,139.91,0.0879,28.41,0.1327,26.84,0.0881,32.62,0.1431,0.088,167,61,168,59,228,0.1203,0.8,0.0654,40.4,0.0975,0.4,0.0559,14.9,0.1129,0.0629,1,55,41,15,56
08/01/2006 12:00:00 AM,0.1439,215.02,0.0896,37.6,0.1333,38.91,0.0901,37.94,0.1423,0.0899,254,76,253,77,329,0.1068,5.8,0.062,53.7,0.0989,1.2,0.0552,20.6,0.1055,0.0601,7,74,60,22,81
09/01/2006 12:00:00 AM,0.1405,206.82,0.0899,37.12,0.1322,40.21,0.0891,29.04,0.1392,0.0896,247,66,244,69,313,0.1183,3.2,0.062,64.4,0.1068,0.5,0.0511,22.5,0.1169,0.0592,4,87,68,23,91
10/01/2006 12:00:00 AM,0.1388,177.15,0.0896,26.71,0.1321,35.02,0.0878,27.18,0.1377,0.0887,212,54,204,62,266,0.1144,5.7,0.0624,45.7,,,0.0496,10.1,0.1144,0.06,6,56,51,10,62
11/01/2006 12:00:00 AM,0.1413,256.93,0.0885,39.54,0.133,53.86,0.0883,41.36,0.1399,0.0884,311,81,296,95,392,0.1197,11.4,0.0669,107.3,,,0.0603,33.7,0.1197,0.0653,11,141,119,34,152
12/01/2006 12:00:00 AM,0.1402,209.36,0.0856,35.85,0.1332,43.77,0.0877,33.87,0.139,0.0866,253,70,245,78,323,0.1209,12.6,0.0662,110.1,0.1154,1,0.0618,26.7,0.1205,0.0654,14,137,123,28,150
01/01/2007 12:00:00 AM,0.1391,235.82,0.0863,35.4,0.1323,56.68,0.0875,37.97,0.1378,0.0869,293,73,271,95,366,0.1182,18.6,0.0727,90.6,0.1122,0.1,0.0722,29,0.1182,0.0726,19,120,109,29,138
02/01/2007 12:00:00 AM,0.1406,188.53,0.0865,25.52,0.1365,48.94,0.0916,35.63,0.1398,0.0895,237,61,214,85,299,0.1207,13.3,0.0716,52.4,,,0.0703,14.7,0.1207,0.0713,13,67,66,15,80
03/01/2007 12:00:00 AM,0.1426,191.51,0.0921,28.21,0.1395,49.19,0.096,35.18,0.1419,0.0943,241,63,220,84,304,0.1361,21.2,0.0733,75,,,0.0751,25.6,0.1361,0.0738,21,101,96,26,122
04/01/2007 12:00:00 AM,0.1427,156.38,0.0897,21.7,0.14,42.32,0.0975,29.58,0.1421,0.0942,199,51,178,72,250,0.1261,17.7,0.0703,60.7,,,0.0654,15.2,0.1261,0.0693,18,76,78,15,94
05/01/2007 12:00:00 AM,0.1489,264.49,0.1012,37.2,0.1459,63.96,0.0991,37.86,0.1483,0.1002,328,75,302,102,404,0.1312,14.1,0.0705,70.6,,,0.0739,22.3,0.1312,0.0713,14,93,85,22,107
06/01/2007 12:00:00 AM,0.1545,201.07,0.1015,30,0.1514,55.01,0.0987,29.96,0.1539,0.1001,256,60,231,85,316,0.1442,10.8,0.0741,69,,,0.0745,15.4,0.1442,0.0742,11,84,80,15,95
07/01/2007 12:00:00 AM,0.1541,168.22,0.0986,21.68,0.153,46.71,0.0989,26.71,0.1539,0.0988,215,48,190,73,263,0.1366,7.3,0.079,53.9,,,0.0783,16.3,0.1366,0.0788,7,70,61,16,78
08/01/2007 12:00:00 AM,0.1585,263.63,0.1043,34.53,0.155,68.98,0.1012,38.86,0.1578,0.1027,333,73,298,108,406,0.14,4.8,0.0812,83,,,0.0853,22.4,0.14,0.0821,5,105,88,22,110
09/01/2007 12:00:00 AM,0.1575,204.73,0.1034,27.12,0.154,50.13,0.102,26.43,0.1568,0.1027,255,54,232,77,308,0.1548,3.5,0.0873,88,0.1401,0.2,0.09,23.5,0.1539,0.0879,4,112,92,24,115
10/01/2007 12:00:00 AM,0.1569,248.21,0.1049,31.77,0.1527,60.04,0.1028,25.64,0.1561,0.104,308,57,280,86,366,0.1576,6.9,0.0895,103.4,0.1351,0.4,0.0913,33.1,0.1564,0.0899,7,136,110,33,144
11/01/2007 12:00:00 AM,0.1591,203.31,0.1068,26.6,0.1545,47.42,0.1038,23.47,0.1582,0.1054,251,50,230,71,301,0.1574,11.2,0.0916,80.5,0.1474,0.8,0.095,20.5,0.1568,0.0922,12,101,92,21,113
12/01/2007 12:00:00 AM,0.1591,199.43,0.1081,27.91,0.1566,55.91,0.1045,20.21,0.1586,0.1066,255,48,227,76,303,0.1585,10.5,0.0919,121.8,0.1447,0.6,0.0964,29.8,0.1577,0.0927,11,152,132,30,163
01/01/2008 12:00:00 AM,0.1604,185.87,0.1067,24.12,0.1574,52.33,0.1051,23.52,0.1598,0.1059,238,48,210,76,286,0.161,9.4,0.0934,93.8,0.1616,0.3,0.0938,22.6,0.161,0.0935,10,116,103,23,126
02/01/2008 12:00:00 AM,0.1631,205.86,0.1081,26.02,0.1594,53.95,0.1057,24.29,0.1623,0.107,260,50,232,78,310,0.1619,15.2,0.0929,97.7,0.1572,1.5,0.0898,28.5,0.1614,0.0922,17,126,113,30,143
03/01/2008 12:00:00 AM,0.1633,156.12,0.1098,17.12,0.1602,38.64,0.1049,17.55,0.1627,0.1073,195,35,173,56,229,0.169,13.8,0.0921,114.3,0.1607,0.8,0.089,25.3,0.1686,0.0915,15,140,128,26,154
04/01/2008 12:00:00 AM,0.165,269.33,0.1095,34.03,0.1607,71.87,0.1046,27.3,0.1641,0.1073,341,61,303,99,403,0.1733,15.5,0.0954,149.5,0.1638,1.3,0.0953,23.8,0.1726,0.0954,17,173,165,25,190
05/01/2008 12:00:00 AM,0.1668,219.02,0.1091,24.91,0.162,57.11,0.1056,23.98,0.1658,0.1074,276,49,244,81,325,0.1717,9.4,0.0957,99.7,0.161,0.8,0.0983,23.3,0.1708,0.0962,10,123,109,24,133
06/01/2008 12:00:00 AM,0.1657,230.34,0.1074,26.03,0.1617,56.76,0.1061,24.68,0.1649,0.1068,287,51,256,81,338,0.1603,10.9,0.0947,126.8,0.1689,0.2,0.0966,15.7,0.1605,0.0949,11,142,138,16,154
07/01/2008 12:00:00 AM,0.1655,291.66,0.1089,31.83,0.1628,65.41,0.1066,25.62,0.165,0.1078,357,57,323,91,415,0.1699,13.4,0.0904,136.2,0.1611,0.7,0.0924,18.8,0.1694,0.0906,14,155,150,20,169
08/01/2008 12:00:00 AM,0.1697,203.12,0.1111,22.62,0.1662,49.93,0.1065,18.4,0.169,0.1091,253,41,226,68,294,0.1727,13.7,0.0918,111.5,0.1663,0.1,0.091,14.8,0.1727,0.0917,14,126,125,15,140
09/01/2008 12:00:00 AM,0.1701,197.5,0.1131,21.38,0.1686,48.29,0.1084,19.24,0.1698,0.1109,246,41,219,68,286,0.1715,11.1,0.0878,122.1,0.1663,0,0.0889,12.8,0.1715,0.0879,11,135,133,13,146
10/01/2008 12:00:00 AM,0.1703,303.39,0.1105,29.95,0.1698,76.01,0.1087,31.57,0.1702,0.1095,379,62,333,108,441,0.1717,16.8,0.0837,177.1,0.1729,0.7,0.0837,19.2,0.1718,0.0837,17,196,194,20,214
11/01/2008 12:00:00 AM,0.1712,207.2,0.1113,21.03,0.1692,49.15,0.1082,21.1,0.1708,0.1097,256,42,228,70,298,0.1679,9.8,0.0894,94.2,0.1646,1.1,0.0897,16.9,0.1676,0.0895,11,111,104,18,122
12/01/2008 12:00:00 AM,0.1724,198.29,0.1146,16.32,0.1707,48.84,0.1078,23.13,0.172,0.1106,247,39,215,72,287,0.1692,9.6,0.0887,121.4,0.1803,0.4,0.0881,17.8,0.1696,0.0887,10,139,131,18,149
01/01/2009 12:00:00 AM,0.1724,179.53,0.1109,22.65,0.17,46.29,0.1085,21.84,0.1719,0.1097,226,44,202,68,270,0.1689,9.9,0.0873,91.4,0.1719,0.3,0.0919,18.7,0.1689,0.088,10,110,101,19,120
02/01/2009 12:00:00 AM,0.1682,206.16,0.1132,18.38,0.167,44.36,0.1062,27.38,0.168,0.109,251,46,225,72,296,0.1704,11.4,0.0864,112.9,0.172,0.3,0.0868,11.8,0.1704,0.0864,12,125,124,12,136
03/01/2009 12:00:00 AM,0.1633,168.71,0.1084,14.31,0.1648,40.37,0.1057,19.07,0.1636,0.1068,209,33,183,59,242,0.1675,8.5,0.0837,84,0.1781,1.9,0.0837,9.6,0.1694,0.0837,10,94,93,11,104
04/01/2009 12:00:00 AM,0.1631,264.8,0.1081,25.5,0.1632,59.42,0.1062,27.51,0.1631,0.1071,324,53,290,87,377,0.1623,13.3,0.0785,113.8,0.1703,0.5,0.0809,11.9,0.1626,0.0788,14,126,127,12,139
05/01/2009 12:00:00 AM,0.1566,204.27,0.108,17.86,0.1586,63.95,0.1064,20.37,0.1571,0.1071,268,38,222,84,306,0.1576,13.6,0.0739,82.9,0.1669,0.6,0.0688,13.2,0.158,0.0732,14,96,97,14,110
06/01/2009 12:00:00 AM,0.1494,184.35,0.1075,15.51,0.152,42.56,0.1063,16.33,0.1499,0.1069,227,32,200,59,259,0.1508,11.8,0.0715,107.7,0.1649,0.8,0.0664,14.5,0.1517,0.0709,13,122,119,15,135
07/01/2009 12:00:00 AM,0.147,327.81,0.1065,27.04,0.1494,68.65,0.1067,25.89,0.1474,0.1066,396,53,355,95,449,0.145,21.6,0.0738,125.3,0.1558,1.2,0.0753,11.8,0.1456,0.0739,23,137,147,13,160
08/01/2009 12:00:00 AM,0.1456,224.07,0.1052,15.65,0.1443,48.35,0.1068,17.35,0.1454,0.1061,272,33,240,66,305,0.1465,8.9,0.0785,90.8,0.1478,0.9,0.0763,11.9,0.1466,0.0783,10,103,100,13,112
09/01/2009 12:00:00 AM,0.1452,417.18,0.1046,26.57,0.1417,77.66,0.1064,22.63,0.1447,0.1055,495,49,444,100,544,0.1413,25.1,0.0784,119.2,0.1418,2,0.0779,32,0.1414,0.0783,27,151,144,34,178
10/01/2009 12:00:00 AM,0.1433,330.94,0.1037,20.48,0.1403,64.59,0.1061,17.14,0.1428,0.1048,396,38,351,82,433,0.1423,16.6,0.0744,101.4,0.1399,1.7,0.0725,21.8,0.1421,0.0741,18,123,118,23,141
11/01/2009 12:00:00 AM,0.1428,270.2,0.1043,13.92,0.1392,52.64,0.1057,16.44,0.1422,0.105,323,30,284,69,353,0.1413,13.3,0.079,69.8,0.1395,1.9,0.0731,25.3,0.1411,0.0775,15,95,83,27,110
12/01/2009 12:00:00 AM,0.1401,435.28,0.1041,20.2,0.1353,85.41,0.1052,22.2,0.1393,0.1047,521,42,455,108,563,0.139,27.7,0.0736,131.6,0.1352,3.1,0.0751,29.6,0.1386,0.0739,31,161,159,33,192
01/01/2010 12:00:00 AM,0.137,272.91,0.1013,13.6,0.1304,63.21,0.1048,21.21,0.1358,0.1034,336,35,287,84,371,0.1347,15.6,0.0772,62.3,0.1287,1.7,0.0752,16.2,0.1341,0.0768,17,78,78,18,96
02/01/2010 12:00:00 AM,0.137,327.2,0.102,16.07,0.1292,70.11,0.1049,16.82,0.1357,0.1035,397,33,343,87,430,0.1373,18.1,0.0787,85.9,0.1269,2.3,0.0755,31.4,0.1361,0.0778,20,117,104,34,138
03/01/2010 12:00:00 AM,0.1366,389.23,0.1056,21.2,0.1294,84.63,0.1057,18.21,0.1353,0.1056,474,39,410,103,513,0.1361,21.7,0.0785,88.6,0.1267,2.4,0.0791,24.2,0.1352,0.0786,24,113,110,27,137
04/01/2010 12:00:00 AM,0.1362,356.94,0.104,17.97,0.1278,79.85,0.1051,13.53,0.1347,0.1044,437,32,375,93,468,0.1389,12.5,0.0737,105.6,0.1267,2.5,0.0792,22.7,0.1368,0.0747,15,128,118,25,143
05/01/2010 12:00:00 AM,0.1337,308.92,0.1026,15.1,0.1276,75.03,0.105,14.94,0.1325,0.1038,384,30,324,90,414,0.1317,16.8,0.0784,75,0.1245,2.1,0.0774,22.9,0.1309,0.0782,19,98,92,25,117
06/01/2010 12:00:00 AM,0.1305,505.44,0.0954,41.44,0.1259,111.32,0.0808,39.39,0.1297,0.0883,617,81,547,151,698,0.1293,24.7,0.0723,111,0.1243,1.5,0.0693,33.9,0.129,0.0716,26,145,136,35,171
07/01/2010 12:00:00 AM,0.1303,398.24,0.0948,29.76,0.1277,96.61,0.0811,30.4,0.1298,0.0878,495,60,428,127,555,0.1312,13.1,0.0709,92.2,0.1282,0.3,0.0686,21.3,0.1311,0.0705,13,114,105,22,127
08/01/2010 12:00:00 AM,0.13,327.21,0.0952,27.38,0.1279,86.04,0.0781,26.2,0.1295,0.0869,413,54,355,112,467,0.126,12.3,0.0728,84.9,0.1282,0.2,0.0659,30.2,0.126,0.071,12,115,97,30,128
09/01/2010 12:00:00 AM,0.1293,585.53,0.0951,46.98,0.1274,130.63,0.0786,43.92,0.1289,0.0871,716,91,633,175,807,0.1256,23.4,0.0706,128.5,0.1309,0.3,0.064,32.6,0.1257,0.0692,24,161,152,33,185
10/01/2010 12:00:00 AM,0.1285,382.18,0.094,36.1,0.1271,97.68,0.0775,33.33,0.1282,0.0861,480,69,418,131,549,0.1167,21.4,0.071,93.5,0.1292,0.2,0.0643,22.6,0.1168,0.0697,22,116,115,23,138
11/01/2010 12:00:00 AM,0.1281,319.13,0.0941,25.02,0.1268,92.11,0.0757,26.1,0.1278,0.0847,411,51,344,118,462,0.1198,15.3,0.0728,69,0.1282,0.3,0.0624,39,0.12,0.069,16,108,84,39,124
12/01/2010 12:00:00 AM,0.1295,548.38,0.0968,36.74,0.1278,140.98,0.0812,36.14,0.1292,0.089,689,73,585,177,762,0.1173,36.9,0.0695,137.1,0.1292,0.2,0.0616,28.1,0.1174,0.0681,37,165,174,28,202
01/01/2011 12:00:00 AM,0.1287,296.17,0.0922,15.7,0.1285,77.94,0.085,22.43,0.1287,0.088,374,38,312,100,412,0.1158,22.8,0.066,54.6,0.1282,0.2,0.0589,16.4,0.1159,0.0644,23,71,77,17,94
02/01/2011 12:00:00 AM,0.1286,371.06,0.0926,24.76,0.1294,108.61,0.0852,31.25,0.1288,0.0884,480,56,396,140,536,0.1185,25.2,0.0683,84,0.1286,0.3,0.06,25.9,0.1186,0.0664,26,110,109,26,136
03/01/2011 12:00:00 AM,0.1297,523.59,0.0926,32.95,0.1299,145.77,0.0858,43.35,0.1297,0.0888,669,76,557,189,746,0.1183,26.7,0.069,99.7,0.1288,0.6,0.0541,34.4,0.1186,0.0652,27,134,126,35,161
04/01/2011 12:00:00 AM,0.1296,383.69,0.0911,20.5,0.127,102.15,0.0862,26.6,0.1291,0.0883,486,47,404,129,533,0.1199,22.8,0.0677,74.4,0.1284,0.4,0.0653,29.1,0.1201,0.067,23,104,97,30,127
05/01/2011 12:00:00 AM,0.1282,399.02,0.0919,22.14,0.1262,110.94,0.0819,31.81,0.1278,0.086,510,54,421,143,564,0.1133,28.6,0.0664,91.5,0.1292,0.4,0.0572,27.1,0.1135,0.0643,29,119,120,27,148
06/01/2011 12:00:00 AM,0.1283,468.96,0.0909,24.25,0.1266,119.22,0.079,36.36,0.128,0.0838,588,61,493,156,649,0.1142,32.8,0.0672,91.3,0.1287,0.5,0.0595,41.6,0.1144,0.0648,33,133,124,42,166
07/01/2011 12:00:00 AM,0.1313,221.94,0.0916,12.53,0.1291,71.46,0.0772,19.64,0.1308,0.0828,293,32,234,91,326,0.1164,13.1,0.0687,50,0.1287,0.2,0.06,17.7,0.1166,0.0664,13,68,63,18,81
08/01/2011 12:00:00 AM,0.1307,550.78,0.0909,37.21,0.1301,160.49,0.0773,42.47,0.1305,0.0836,711,80,588,203,791,0.1167,34.2,0.0644,111.2,0.1291,0.5,0.0624,29.7,0.1169,0.064,35,141,145,30,176
09/01/2011 12:00:00 AM,0.1332,458.91,0.0904,28.72,0.132,132.47,0.081,37.27,0.1329,0.0851,591,66,488,170,657,0.113,35.5,0.0679,103.5,0.1297,0.5,0.0606,44.4,0.1132,0.0657,36,148,139,45,184
10/01/2011 12:00:00 AM,0.1338,387.31,0.0919,23.28,0.1331,110.69,0.0805,29.43,0.1336,0.0855,498,53,411,140,551,0.1178,33.5,0.0678,97.5,0.1277,0.4,0.0634,38.6,0.1179,0.0665,34,136,131,39,170
11/01/2011 12:00:00 AM,0.1319,587.99,0.0928,37.22,0.1334,149.91,0.0841,41.86,0.1322,0.0882,738,79,625,192,817,0.1154,44,0.065,133.7,0.1278,0.4,0.0648,54.6,0.1155,0.0649,44,188,178,55,233
12/01/2011 12:00:00 AM,0.1297,444.19,0.0898,37.31,0.1313,139.83,0.0844,39.13,0.1301,0.087,584,76,482,179,660,0.1189,51.2,0.0701,123.9,0.1279,0.6,0.0612,43.9,0.119,0.0678,52,168,175,44,220
01/01/2012 12:00:00 AM,0.1347,287.71,0.0979,20.21,0.1345,93.94,0.0886,26.71,0.1347,0.0926,382,47,308,121,429,0.1176,27.7,0.0707,69.6,0.1291,0.4,0.0618,25.1,0.1178,0.0683,28,95,97,26,123
02/01/2012 12:00:00 AM,0.1354,567.24,0.0959,43.07,0.1343,152.05,0.0829,56.5,0.1352,0.0885,719,100,610,209,819,0.1218,45,0.0693,128.8,0.1283,0.4,0.0634,49.7,0.1219,0.0677,45,179,174,50,224
03/01/2012 12:00:00 AM,0.1354,445.57,0.0956,41.04,0.1344,116.38,0.0824,44.01,0.1352,0.0888,562,85,487,160,647,0.1227,38.7,0.0679,95.9,0.1296,0.6,0.0674,45.9,0.1228,0.0677,39,142,135,46,181
04/01/2012 12:00:00 AM,0.1342,331.52,0.0945,32.16,0.1348,93.51,0.0856,34.36,0.1344,0.0899,425,67,364,128,492,0.1229,42.5,0.0736,87.8,0.1181,1.6,0.0712,38.1,0.1227,0.0728,44,126,130,40,170
05/01/2012 12:00:00 AM,0.1342,599.89,0.0946,49.15,0.1346,147.61,0.0863,56.09,0.1343,0.0902,747,105,649,204,853,0.1219,60,0.0696,157.2,0.1337,2,0.0717,53.8,0.1223,0.0701,62,211,217,56,273
06/01/2012 12:00:00 AM,0.131,452.31,0.093,36.25,0.1339,80.81,0.0816,29.63,0.1315,0.0879,533,66,489,110,599,0.1253,43.5,0.0675,147.9,0.1195,0.9,0.0715,41.9,0.1252,0.0684,44,190,191,43,234
07/01/2012 12:00:00 AM,0.1306,354.43,0.0911,32.52,0.1313,106.81,0.086,36.89,0.1308,0.0884,461,69,387,144,531,0.1225,33.8,0.0726,100.6,0.1306,2.2,0.0722,41.3,0.123,0.0725,36,142,134,43,178
08/01/2012 12:00:00 AM,0.1325,630.91,0.0903,52.63,0.1346,187.36,0.0891,68.85,0.133,0.0896,818,121,684,256,940,0.1253,47.3,0.0717,155.2,0.1101,1.7,0.0728,50,0.1248,0.072,49,205,202,52,254
09/01/2012 12:00:00 AM,0.1323,468.59,0.0888,39.11,0.1331,127.1,0.0904,48.69,0.1325,0.0897,596,88,508,176,683,0.1232,45.4,0.0718,152.8,0.1194,3.2,0.0754,43,0.123,0.0726,49,196,198,46,244
10/01/2012 12:00:00 AM,0.1308,518.47,0.0891,57.63,0.1317,145.93,0.0886,58.65,0.131,0.0889,664,116,576,205,781,0.1222,48.1,0.0714,180.6,0.122,6.3,0.0666,61.1,0.1222,0.0702,54,242,229,67,296
11/01/2012 12:00:00 AM,0.13,452.73,0.0872,56.94,0.1294,128.34,0.084,57.86,0.1299,0.0856,581,115,510,186,696,0.1231,39.9,0.0738,155.9,0.1284,6.7,0.0692,63.8,0.1238,0.0725,47,220,196,71,266
12/01/2012 12:00:00 AM,0.1291,498.92,0.0887,50.21,0.1291,134.15,0.0887,58.03,0.1291,0.0887,633,108,549,192,741,0.1201,48.7,0.0702,179.4,0.1224,3.7,0.0732,58.1,0.1202,0.0709,52,237,228,62,290
01/01/2013 12:00:00 AM,0.126,455.14,0.0887,48.01,0.1285,128.52,0.0908,53,0.1265,0.0898,584,101,503,182,685,0.1195,30.5,0.0723,129.7,0.1087,1.1,0.0759,37.2,0.1192,0.0731,32,167,160,38,198
02/01/2013 12:00:00 AM,0.1262,456.36,0.0857,56.39,0.1269,130.35,0.0859,55.9,0.1264,0.0858,587,112,513,186,699,0.1178,45.8,0.0764,121.3,0.1123,2.1,0.0823,45.1,0.1176,0.078,48,166,167,47,214
03/01/2013 12:00:00 AM,0.1218,429,0.0891,31.27,0.1255,108.01,0.0915,41.79,0.1226,0.0905,537,73,460,150,610,0.1176,29.3,0.0737,107.1,0.1237,5.7,0.0749,50.8,0.1186,0.0741,35,158,136,56,193
04/01/2013 12:00:00 AM,0.1202,400.68,0.0862,47.41,0.1211,111.19,0.0833,53.86,0.1204,0.0847,512,101,448,165,613,0.1145,22.7,0.0724,176.9,0.1206,8.3,0.0746,81.2,0.1162,0.0731,31,258,200,89,289
05/01/2013 12:00:00 AM,0.1109,758.48,0.0828,86.9,0.1167,166.7,0.0836,69.12,0.112,0.0831,925,156,845,236,1081,0.1122,36.1,0.0696,193.1,0.122,7.4,0.0705,75.6,0.1138,0.0699,43,269,229,83,312
06/01/2013 12:00:00 AM,0.1082,586.07,0.0815,66.73,0.1155,119.11,0.0831,51.86,0.1094,0.0822,705,119,653,171,824,0.1097,32.4,0.0696,185.6,0.1027,4.2,0.0696,83.9,0.1089,0.0696,37,269,218,88,306
07/01/2013 12:00:00 AM,0.1079,742.07,0.0817,81.2,0.1176,158.77,0.0838,77.13,0.1096,0.0827,901,158,823,236,1059,0.108,33.4,0.0671,188.8,0.1042,4.5,0.067,68.7,0.1075,0.0671,38,258,222,73,295
08/01/2013 12:00:00 AM,0.1083,608.62,0.0816,56.54,0.1183,130.8,0.086,58.59,0.1101,0.0839,739,115,665,189,855,0.1085,24.6,0.0667,107.8,0.1053,6.8,0.0665,53.9,0.1078,0.0667,31,162,132,61,193
09/01/2013 12:00:00 AM,0.1082,586.99,0.0831,68.15,0.1194,131.53,0.0875,63.59,0.1103,0.0853,719,132,655,195,850,0.1068,38.7,0.0669,140.8,0.11,3.4,0.0675,87,0.1071,0.0671,42,228,179,90,270
10/01/2013 12:00:00 AM,0.1084,887.92,0.0829,91.28,0.1198,180.54,0.091,78.03,0.1103,0.0866,1068,169,979,259,1238,0.1032,54.5,0.0665,145.5,0.1063,10.1,0.0697,73.7,0.1037,0.0676,65,219,200,84,284
11/01/2013 12:00:00 AM,0.1078,673.73,0.0859,71.68,0.1197,138.95,0.0909,62.13,0.1098,0.0882,813,134,745,201,946,0.1065,51.3,0.0651,112.7,0.1085,5.8,0.0686,69,0.1067,0.0664,57,182,164,75,239
12/01/2013 12:00:00 AM,0.1082,769.12,0.0839,68.68,0.1196,155.08,0.0899,62.58,0.1101,0.0868,924,131,838,218,1055,0.1055,53.6,0.0663,157.6,0.1127,6.8,0.0695,99,0.1063,0.0675,60,257,211,106,317
01/01/2014 12:00:00 AM,0.1097,529.8,0.0847,50.41,0.1197,145.42,0.0969,63.56,0.1118,0.0915,675,114,580,209,789,0.1012,35.7,0.0645,79.1,0.1153,2.9,0.0697,67.5,0.1022,0.0669,39,147,115,70,185
02/01/2014 12:00:00 AM,0.1101,643.68,0.0838,66.27,0.1198,149.36,0.0904,82.06,0.1119,0.0875,793,148,710,231,941,0.1013,38.1,0.0674,124.2,0.1132,4.3,0.0711,70.5,0.1025,0.0687,42,195,162,75,237
03/01/2014 12:00:00 AM,0.1103,483.2,0.0834,56.23,0.1202,111.67,0.089,63.41,0.1122,0.0864,595,120,539,175,715,0.1001,51,0.0643,93.7,0.1081,4.3,0.0677,49.8,0.1008,0.0655,55,143,145,54,199
04/01/2014 12:00:00 AM,0.1114,797.04,0.083,63.97,0.1208,163.12,0.0916,75.42,0.113,0.0877,960,139,861,239,1100,0.1001,54.5,0.0586,152.1,0.1126,9.2,0.0684,64.6,0.1019,0.0615,64,217,207,74,280
05/01/2014 12:00:00 AM,0.1116,641.76,0.0836,61.23,0.1211,158.27,0.0925,71.71,0.1135,0.0884,800,133,703,230,933,0.096,74.1,0.0617,129.3,0.1136,4,0.0659,37.4,0.0969,0.0626,78,167,203,41,245
06/01/2014 12:00:00 AM,0.1127,577.46,0.0829,55.78,0.1217,136.3,0.0887,48.27,0.1144,0.0856,714,104,633,185,818,0.1023,53.6,0.0615,122.4,0.104,6.9,0.0684,35.9,0.1025,0.0631,61,158,176,43,219
07/01/2014 12:00:00 AM,0.1134,672.24,0.0816,73.36,0.1206,130.9,0.0861,57.29,0.1146,0.0836,803,131,746,188,934,0.1019,76.8,0.0585,145.4,0.1125,4.8,0.0666,54.9,0.1025,0.0607,82,200,222,60,282
08/01/2014 12:00:00 AM,0.1133,548.41,0.0819,59.87,0.1216,135.84,0.0863,63.69,0.115,0.0842,684,124,608,200,808,0.0963,71.4,0.0594,109,0.1134,4.6,0.0635,45.8,0.0974,0.0606,76,155,180,50,231
09/01/2014 12:00:00 AM,0.1111,494.54,0.0795,67.35,0.1194,123.26,0.0845,57.21,0.1128,0.0818,618,125,562,180,742,0.1002,42.1,0.0598,130.5,0.1134,3.7,0.0677,36.9,0.1013,0.0615,46,167,173,41,213
10/01/2014 12:00:00 AM,0.1121,843.67,0.0829,98.14,0.1191,164.31,0.0871,77.02,0.1132,0.0848,1008,175,942,241,1183,0.0984,81,0.0594,235,0.1108,9.9,0.0646,58.1,0.0998,0.0604,91,293,316,68,384
11/01/2014 12:00:00 AM,0.1108,572.7,0.0794,73.45,0.1191,123.9,0.0871,59.48,0.1123,0.0828,697,133,646,183,830,0.0954,51.6,0.058,129.7,0.1131,8.9,0.0619,88,0.098,0.0596,60,218,181,97,278
12/01/2014 12:00:00 AM,0.1105,739.82,0.0811,82.57,0.1186,129.63,0.0884,61.77,0.1117,0.0843,869,144,822,191,1014,0.0979,87.1,0.0542,198.4,0.11,5.3,0.0597,52.7,0.0986,0.0554,92,251,286,58,344
01/01/2015 12:00:00 AM,0.1096,706.99,0.0813,74.36,0.1191,123.84,0.0882,70.38,0.111,0.0846,831,145,781,194,976,0.0907,38.5,0.0555,108.6,0.1104,1.2,0.059,32.3,0.0913,0.0563,40,141,147,33,181
02/01/2015 12:00:00 AM,0.1105,780.75,0.0781,80.21,0.1194,132.6,0.086,73.27,0.1118,0.0819,913,153,861,206,1067,0.0802,124.3,0.0548,135.7,0.1065,4,0.0606,44.3,0.081,0.0562,128,180,260,48,308
03/01/2015 12:00:00 AM,0.1101,611.81,0.0785,71.13,0.1193,104.34,0.0852,55.66,0.1115,0.0814,716,127,683,160,843,0.0942,73.5,0.0528,124.8,0.1124,3.7,0.0578,54.5,0.0951,0.0543,77,179,198,58,256
04/01/2015 12:00:00 AM,0.1094,1109.37,0.0788,108.88,0.1198,174.28,0.0877,88.48,0.1108,0.0828,1284,197,1218,263,1481,0.0919,77,0.0531,163.6,0.1107,6.6,0.053,78.5,0.0934,0.0531,84,242,241,85,326
05/01/2015 12:00:00 AM,0.1103,874.66,0.0784,93.85,0.12,122.44,0.0868,60.91,0.1115,0.0817,997,155,969,183,1152,0.0925,80.3,0.0534,157.3,0.1102,3.8,0.0546,81,0.0933,0.0538,84,238,238,85,322
06/01/2015 12:00:00 AM,0.1095,717.66,0.0755,89.58,0.1199,106.5,0.0857,56.08,0.1109,0.0794,824,146,807,163,970,0.0975,65.6,0.0499,169.3,0.1095,3.1,0.0497,78.2,0.098,0.0499,69,247,235,81,316
07/01/2015 12:00:00 AM,0.1081,1138.23,0.0763,114.83,0.1191,160.69,0.0885,81.9,0.1095,0.0814,1299,197,1253,243,1496,0.0956,110.7,0.0508,210.5,0.1035,8.6,0.051,91.2,0.0962,0.0509,119,302,321,100,421
08/01/2015 12:00:00 AM,0.1078,788.19,0.0762,83.3,0.1188,105.96,0.0892,47.02,0.1091,0.0809,894,130,871,153,1024,0.0984,62.8,0.0525,191,0.1105,4,0.052,61.6,0.0991,0.0524,67,253,254,66,319
09/01/2015 12:00:00 AM,0.107,1291.52,0.0761,122.44,0.119,159.67,0.0874,75.61,0.1083,0.0804,1451,198,1414,235,1649,0.0968,100.4,0.0511,207.5,0.1102,6.5,0.0522,47,0.0976,0.0513,107,255,308,54,362
10/01/2015 12:00:00 AM,0.1085,917.2,0.0793,78.48,0.12,132.8,0.088,68.58,0.1099,0.0833,1050,147,996,201,1197,0.1003,79.2,0.0484,145.1,0.1098,2.3,0.0456,51.2,0.1006,0.0477,82,196,224,54,278
11/01/2015 12:00:00 AM,0.1094,734.02,0.0792,74.31,0.1234,112.95,0.0904,53.19,0.1113,0.0839,847,128,808,166,974,0.1028,95,0.0467,153.4,0.1148,4.4,0.0399,46.5,0.1033,0.0451,99,200,248,51,299
12/01/2015 12:00:00 AM,0.1104,1321.86,0.08,110.96,0.1236,157.97,0.0895,69.54,0.1118,0.0837,1480,180,1433,228,1660,0.1009,76.1,0.0441,209.1,0.1074,5.3,0.0453,71.2,0.1014,0.0444,81,280,285,76,362
01/01/2016 12:00:00 AM,0.1135,697.01,0.0796,68,0.1243,96.98,0.0845,42.03,0.1148,0.0815,794,110,765,139,904,0.1088,27.9,0.0436,105.4,0.1141,5,0.0416,51.4,0.1096,0.0429,33,157,133,56,190
02/01/2016 12:00:00 AM,0.1153,642.61,0.08,75.16,0.1259,184.55,0.0906,129.61,0.1177,0.0867,827,205,718,314,1032,0.1234,59.2,0.0429,157.7,0.1161,5.2,0.0463,44.8,0.1228,0.0437,64,202,217,50,267
03/01/2016 12:00:00 AM,0.1168,1021.43,0.0824,86.98,0.1261,162.85,0.0887,85.44,0.1181,0.0855,1184,172,1108,248,1357,0.1134,52.2,0.0447,152.6,0.1235,7.7,0.0414,58.7,0.1147,0.0438,60,211,205,66,271
04/01/2016 12:00:00 AM,0.1189,868.4,0.0816,72.52,0.1272,148.64,0.0899,93.72,0.1201,0.0863,1017,166,941,242,1183,0.113,33.5,0.0414,192.7,0.1248,5.8,0.0454,39.4,0.1148,0.0421,39,232,226,45,271
05/01/2016 12:00:00 AM,0.1207,734.59,0.0801,74.86,0.1283,142.47,0.0886,87.77,0.122,0.0847,877,163,809,230,1040,0.1172,51.5,0.0447,170.9,0.1248,5.7,0.0512,34.6,0.118,0.0458,57,205,222,40,263
06/01/2016 12:00:00 AM,0.1219,1124.82,0.0803,96.74,0.128,188.1,0.0875,101.88,0.1227,0.084,1313,199,1222,290,1512,0.1216,67.7,0.0422,218,0.1244,8.1,0.0443,58.9,0.1219,0.0426,76,277,286,67,353
07/01/2016 12:00:00 AM,0.1227,757.56,0.0814,71.95,0.1282,144.04,0.0897,71.38,0.1236,0.0855,902,143,830,215,1045,0.1245,51.2,0.0418,162.5,0.1238,2.3,0.0425,42,0.1244,0.042,53,204,214,44,258
08/01/2016 12:00:00 AM,0.1233,961.23,0.0802,99.79,0.1278,186.66,0.0884,100.44,0.124,0.0843,1148,200,1061,287,1348,0.1228,66.4,0.0422,194.7,0.1281,4.8,0.0423,51.8,0.1232,0.0422,71,247,261,57,318
09/01/2016 12:00:00 AM,0.1241,835.69,0.0784,81.05,0.128,164.12,0.0867,101.76,0.1247,0.0831,1000,183,917,266,1183,0.1246,56.6,0.0447,160.1,0.1238,8.1,0.0423,47.7,0.1245,0.0441,65,208,217,56,273
10/01/2016 12:00:00 AM,0.1237,738.86,0.0781,75.85,0.1279,138.15,0.0869,78.95,0.1244,0.0826,877,155,815,217,1032,0.1278,62.7,0.0499,128.6,0.1291,4,0.0591,61.9,0.1279,0.0529,67,190,191,66,257
11/01/2016 12:00:00 AM,0.1243,1163.8,0.0815,105.14,0.1289,214.21,0.0881,134.59,0.125,0.0852,1378,240,1269,349,1618,0.1226,81.5,0.0523,171.3,0.13,10,0.061,63.1,0.1234,0.0546,91,234,253,73,326
12/01/2016 12:00:00 AM,0.1243,1036.41,0.0823,81.6,0.1287,176.35,0.0887,88.79,0.1249,0.0857,1213,170,1118,265,1383,0.1261,72.4,0.0547,192.6,0.1306,13.9,0.0595,71.6,0.1268,0.056,86,264,265,86,351
01/01/2017 12:00:00 AM,0.1228,502.04,0.0817,50.47,0.1284,64.27,0.0831,41.18,0.1235,0.0823,566,92,553,105,658,0.1252,47,0.0552,139.8,0.132,3.2,0.0629,59.5,0.1257,0.0575,50,199,187,63,249
02/01/2017 12:00:00 AM,0.1244,842.46,0.082,72.36,0.1275,193.58,0.0839,118.61,0.125,0.0832,1036,191,915,312,1227,0.1264,66.7,0.0532,223.8,0.1291,8.4,0.0612,83,0.1267,0.0553,75,307,290,91,382
03/01/2017 12:00:00 AM,0.123,1161.32,0.0841,98.13,0.1288,222.99,0.0867,109.64,0.124,0.0855,1384,208,1259,333,1592,0.1253,99.7,0.0581,237.1,0.1312,12.4,0.0591,145.7,0.1259,0.0585,112,383,337,158,495
04/01/2017 12:00:00 AM,0.123,782.33,0.0812,73.33,0.1277,137.96,0.083,72.65,0.1237,0.0821,920,146,856,211,1066,0.1236,72.7,0.0571,192.7,0.1308,6,0.061,106.5,0.1241,0.0585,79,299,265,112,378
05/01/2017 12:00:00 AM,0.1229,951.62,0.0826,93.89,0.1286,187.43,0.0849,95.81,0.1239,0.0838,1139,190,1046,283,1329,0.1193,108.1,0.0569,268.7,0.1267,5.8,0.0595,146.3,0.1197,0.0578,114,415,377,152,529
06/01/2017 12:00:00 AM,0.1194,861.51,0.0821,82.87,0.1258,160.1,0.0822,79.54,0.1204,0.0822,1022,162,944,240,1184,0.122,94,0.0565,220.4,0.1281,10.2,0.0624,88.2,0.1226,0.0581,104,309,314,98,413
07/01/2017 12:00:00 AM,0.1151,702.83,0.0786,66.38,0.123,135.19,0.0804,73.34,0.1163,0.0795,838,140,769,209,978,0.123,77.4,0.0581,169.9,0.1307,4.2,0.06,71.3,0.1234,0.0586,82,241,247,75,323
08/01/2017 12:00:00 AM,0.1126,1199.66,0.0782,98.57,0.1213,216.01,0.0798,110.25,0.1139,0.079,1416,209,1298,326,1624,0.1176,96.6,0.0622,188.3,0.1225,8.9,0.0635,149.1,0.118,0.0628,106,337,285,158,443
09/01/2017 12:00:00 AM,0.11,1048.29,0.0766,62.34,0.1208,164.17,0.0827,78.75,0.1115,0.08,1212,141,1111,243,1354,0.1162,91.9,0.0601,204.1,0.1246,6.3,0.0625,104.2,0.1167,0.0609,98,308,296,111,406
10/01/2017 12:00:00 AM,0.1087,885.03,0.0771,60.99,0.1198,148.71,0.0819,88.83,0.1103,0.08,1034,150,946,238,1184,0.1192,60.8,0.0556,205.3,0.1193,8.3,0.0607,111.5,0.1193,0.0574,69,317,266,120,386
11/01/2017 12:00:00 AM,0.1087,1435.81,0.0751,88.53,0.1193,266.22,0.0821,164.63,0.1103,0.0796,1702,253,1524,431,1955,0.1177,127.2,0.0541,304.8,0.1211,13.4,0.0576,155.6,0.118,0.0553,141,460,432,169,601
12/01/2017 12:00:00 AM,0.108,1641.61,0.075,99.9,0.119,339.66,0.0823,198.66,0.1098,0.0796,1981,299,1742,538,2280,0.1153,124.9,0.0539,283,0.1264,9.2,0.0548,179.1,0.1161,0.0542,134,462,408,188,596
01/01/2018 12:00:00 AM,0.1067,806.41,0.0751,65.7,0.1181,90.54,0.0825,21.45,0.1078,0.0769,897,87,872,112,984,0.1162,91.7,0.0533,149.3,0.1127,7.4,0.0548,123.6,0.1159,0.054,99,273,241,131,372
02/01/2018 12:00:00 AM,0.1077,1042.23,0.074,90.78,0.119,212.69,0.0781,131.58,0.1096,0.0765,1255,222,1133,344,1477,0.1125,109.6,0.0534,215.5,0.1191,5.7,0.0558,111.5,0.1128,0.0542,115,327,325,117,442
03/01/2018 12:00:00 AM,0.1074,945.03,0.0743,84.02,0.1176,164.83,0.076,105.4,0.1089,0.0753,1110,189,1029,270,1299,0.1134,85.7,0.0572,247,0.1172,13.5,0.0592,95.9,0.1139,0.0578,99,343,333,109,442
04/01/2018 12:00:00 AM,0.1066,893.84,0.0729,74.56,0.1176,154.35,0.0775,89.92,0.1082,0.0754,1048,164,968,244,1213,0.1139,87.2,0.0578,212.5,0.1207,15.1,0.0616,134,0.1149,0.0593,102,347,300,149,449
05/01/2018 12:00:00 AM,0.1062,1345.91,0.073,104.97,0.1175,233.45,0.0772,137.46,0.1079,0.0754,1579,242,1451,371,1822,0.1132,76.2,0.0589,228,0.1267,7.7,0.0628,151.8,0.1145,0.0604,84,380,304,159,464
06/01/2018 12:00:00 AM,0.1059,1027.17,0.0725,88.38,0.1163,185.51,0.0773,102.85,0.1075,0.0751,1213,191,1116,288,1404,0.1098,78.9,0.0565,163.2,0.1289,1.3,0.0601,131.3,0.1101,0.0581,80,294,242,133,375
07/01/2018 12:00:00 AM,0.1058,804.28,0.0729,78.13,0.1166,146.16,0.0783,71.36,0.1075,0.0755,950,149,882,218,1100,0.1058,75.4,0.0568,182.6,0.1348,2.1,0.061,139.4,0.1066,0.0586,78,322,258,141,399
08/01/2018 12:00:00 AM,0.1052,1410.6,0.0715,141.8,0.1164,244.97,0.0755,147.66,0.1069,0.0735,1656,289,1552,393,1945,0.1039,124.1,0.0552,280.3,0.1258,2.7,0.0588,178.3,0.1044,0.0566,127,459,404,181,585
09/01/2018 12:00:00 AM,0.105,1097.68,0.0719,114.2,0.1168,197.98,0.0772,107.94,0.1068,0.0745,1296,222,1212,306,1518,0.1065,83.5,0.0556,205.5,0.1293,1.4,0.0593,143.1,0.1069,0.0571,85,349,289,144,433
10/01/2018 12:00:00 AM,0.1047,1234.29,0.0716,117.74,0.1173,224.31,0.0769,136.26,0.1066,0.0745,1459,254,1352,361,1713,0.106,115,0.0554,265.2,0.1233,2.4,0.0585,162.1,0.1064,0.0566,117,427,380,165,545
11/01/2018 12:00:00 AM,0.1047,1069.36,0.0708,116.93,0.1169,207.59,0.0764,132.51,0.1067,0.0738,1277,249,1186,340,1526,0.1044,85,0.0525,216.2,0.1257,2.8,0.0577,120.5,0.1051,0.0544,88,337,301,123,424
12/01/2018 12:00:00 AM,0.1038,1222.72,0.0714,125.18,0.1159,248.63,0.0757,129.07,0.1058,0.0736,1471,254,1348,378,1726,0.1057,190.7,0.0542,227.9,0.1283,3.1,0.0564,174.8,0.1061,0.0552,194,403,419,178,596
01/01/2019 12:00:00 AM,0.1038,939.24,0.0723,91.45,0.117,162.95,0.0846,48.93,0.1058,0.0766,1102,140,1031,212,1243,0.104,75.3,0.0562,146.3,0.1342,6,0.0576,134.2,0.1062,0.0569,81,280,222,140,362
02/01/2019 12:00:00 AM,0.1043,947.82,0.0719,96.59,0.1165,178.41,0.0812,73.99,0.1062,0.0759,1126,171,1044,252,1297,0.1051,69.8,0.0577,169,0.1316,3.8,0.0577,130.6,0.1065,0.0577,74,300,239,134,373
03/01/2019 12:00:00 AM,0.1045,994.74,0.0719,111.63,0.1153,165.23,0.0731,118.5,0.106,0.0725,1160,230,1106,284,1390,0.1067,103.7,0.0576,199.3,0.1349,6.1,0.057,121.5,0.1083,0.0574,110,321,303,128,431
04/01/2019 12:00:00 AM,0.1038,740.29,0.0716,87.22,0.116,135.96,0.0779,88.45,0.1057,0.0748,876,176,828,224,1052,0.0954,168.9,0.0534,146.1,0.1348,3.7,0.0561,118.1,0.0962,0.0546,173,264,315,122,437
05/01/2019 12:00:00 AM,0.1049,1466.07,0.0716,182.04,0.1153,266.01,0.0766,169.89,0.1065,0.074,1732,352,1648,436,2084,0.104,111.4,0.0544,210.6,0.1303,9.7,0.0563,166.1,0.1061,0.0552,121,377,322,176,498
06/01/2019 12:00:00 AM,0.1051,978.63,0.0718,106.6,0.1148,182.32,0.0762,116.11,0.1066,0.0741,1161,223,1085,298,1384,0.1022,125.5,0.0546,173.2,0.1296,6.8,0.0565,137,0.1036,0.0554,132,310,299,144,442
07/01/2019 12:00:00 AM,0.1044,1271.93,0.0721,147.91,0.115,227.1,0.0754,170.03,0.106,0.0739,1499,318,1420,397,1817,0.1026,102.3,0.0563,266.6,0.1274,4.7,0.0559,149.1,0.1037,0.0562,107,416,369,154,523
08/01/2019 12:00:00 AM,0.104,1083.6,0.0718,118.83,0.1146,200.97,0.0765,163,0.1056,0.0745,1285,282,1202,364,1566,0.1041,87.9,0.0533,192.8,0.121,12.7,0.0544,138.2,0.1063,0.0537,101,331,281,151,432
09/01/2019 12:00:00 AM,0.1034,1070.91,0.0715,104.26,0.1149,190.66,0.0767,155.44,0.1051,0.0746,1262,260,1175,346,1521,0.1032,97.8,0.0514,161.1,0.1207,8.7,0.0499,182.1,0.1047,0.0506,107,343,259,191,450
10/01/2019 12:00:00 AM,0.1035,1512.85,0.0725,148.24,0.1137,255.82,0.0768,210.78,0.105,0.075,1769,359,1661,467,2128,0.1004,166.6,0.0534,148.2,0.1199,6.8,0.0507,152.6,0.1012,0.052,173,301,315,159,474
11/01/2019 12:00:00 AM,0.1037,1033.11,0.0736,75.29,0.1135,156.67,0.0788,97.7,0.105,0.0765,1190,173,1108,254,1363,0.0999,90.6,0.0482,157.6,0.1134,8.5,0.0515,125.5,0.101,0.0497,99,283,248,134,382
12/01/2019 12:00:00 AM,0.1036,1481.63,0.0728,133.05,0.113,206.64,0.0745,165.49,0.1047,0.0738,1688,299,1615,372,1987,0.0984,124,0.0509,173.8,0.1148,11.6,0.0487,167.9,0.0998,0.0498,136,342,298,180,477
01/01/2020 12:00:00 AM,0.1034,1035.23,0.073,90.78,0.1143,120.42,0.075,83.38,0.1046,0.0739,1156,174,1126,204,1330,0.1022,65.1,0.053,82.1,0.1262,6,0.051,100.5,0.1042,0.0519,71,183,147,106,254
